{
  "train_runtime": 21.9384,
  "train_samples_per_second": 455.823,
  "train_steps_per_second": 28.489,
  "total_flos": 175246072086528.0,
  "train_loss": 1.365404345703125,
  "epoch": 1.0,
  "train_runtime_minutes": 0.36564
}