{
  "train_runtime": 21.8308,
  "train_samples_per_second": 458.069,
  "train_steps_per_second": 28.629,
  "total_flos": 175246072086528.0,
  "train_loss": 1.3579619995117187,
  "epoch": 1.0,
  "train_runtime_minutes": 0.36384666666666665
}